,theta0,theta1
0,8499.599649933209,-0.021448963591702244
